Amino_Acid,Codon,Ramp_Freq,Ramp_w,Body_Freq,Body_w
A,GCA,0.0552,0.1033,0.0179,0.0279
A,GCC,0.5337,1.0,0.6413,1.0
A,GCG,0.0324,0.0606,0.0103,0.016
A,GCT,0.3788,0.7096,0.3305,0.5154
C,TGC,0.5543,1.0,0.6118,1.0
C,TGT,0.4457,0.8039,0.3882,0.6346
D,GAC,0.7025,1.0,0.7275,1.0
D,GAT,0.2975,0.4235,0.2725,0.3746
E,GAA,0.4902,0.9617,0.0341,0.0353
E,GAG,0.5098,1.0,0.9659,1.0
F,TTC,0.6621,1.0,0.7678,1.0
F,TTT,0.3379,0.5104,0.2322,0.3024
G,GGA,0.3745,1.0,0.1855,0.4103
G,GGC,0.3649,0.9744,0.36,0.7961
G,GGG,0.001,0.0026,0.0023,0.005
G,GGT,0.2596,0.6931,0.4522,1.0
H,CAC,0.756,1.0,0.8707,1.0
H,CAT,0.244,0.3227,0.1293,0.1485
I,ATA,0.0123,0.0239,0.0006,0.001
I,ATC,0.4714,0.9132,0.6039,1.0
I,ATT,0.5162,1.0,0.3955,0.6549
K,AAA,0.1967,0.2448,0.0138,0.014
K,AAG,0.8033,1.0,0.9862,1.0
L,CTA,0.0288,0.0835,0.0055,0.0124
L,CTC,0.3443,1.0,0.4456,1.0
L,CTG,0.2672,0.776,0.3404,0.7639
L,CTT,0.2952,0.8574,0.1954,0.4384
L,TTA,0.0077,0.0224,0.0007,0.0016
L,TTG,0.0568,0.165,0.0124,0.0278
M,ATG,1.0,1.0,1.0,1.0
N,AAC,0.9341,1.0,0.9612,1.0
N,AAT,0.0659,0.0706,0.0388,0.0404
P,CCA,0.0469,0.0758,0.0072,0.0098
P,CCC,0.619,1.0,0.7419,1.0
P,CCG,0.024,0.0388,0.0084,0.0114
P,CCT,0.3101,0.5009,0.2424,0.3267
Q,CAA,0.2318,0.3017,0.0197,0.0201
Q,CAG,0.7682,1.0,0.9803,1.0
R,AGA,0.1509,0.2144,0.0174,0.0191
R,AGG,0.0008,0.0011,0.0005,0.0005
R,CGA,0.7038,1.0,0.9101,1.0
R,CGC,0.0087,0.0123,0.0035,0.0039
R,CGG,0.0403,0.0572,0.0377,0.0415
R,CGT,0.0956,0.1358,0.0308,0.0339
S,AGC,0.0674,0.1569,0.0317,0.0585
S,AGT,0.0284,0.0661,0.0036,0.0066
S,TCA,0.0507,0.118,0.0098,0.0181
S,TCC,0.4293,1.0,0.5415,1.0
S,TCG,0.0952,0.2218,0.0465,0.0858
S,TCT,0.3291,0.7665,0.367,0.6778
T,ACA,0.0868,0.153,0.0194,0.026
T,ACC,0.5674,1.0,0.7449,1.0
T,ACG,0.0509,0.0898,0.0109,0.0147
T,ACT,0.2948,0.5196,0.2248,0.3018
V,GTA,0.018,0.0388,0.005,0.0091
V,GTC,0.396,0.8521,0.5503,1.0
V,GTG,0.1211,0.2606,0.1505,0.2735
V,GTT,0.4648,1.0,0.2941,0.5345
W,TGG,1.0,1.0,1.0,1.0
Y,TAC,0.898,1.0,0.9613,1.0
Y,TAT,0.102,0.1136,0.0387,0.0403
